filename,chain_id,sequence
diff_1.pdb,A,AAAAAAAAAAASASEAGAASLLNDDYTSAAAAAASASAAAGAGSEASSAAASAAAAAAHSAAGSASSAAGAASASEA,20,21,22,23,24,25,26,58,A20 A21 A22 A23 A24 A25 A26 A58 
diff_10.pdb,A,ASSAAAAAAAASASGAAAASLLNDDYTKAASAASAASAAASAAKSSASASAASASAASAHSSASGSAAASSAASAA,20,21,22,23,24,25,26,59,A20 A21 A22 A23 A24 A25 A26 A59 
diff_100.pdb,A,AASAAAAASASASEGSASAAAALLNDDYTKAASAAAAASAAASAAAASASASAAASAAASAHSSASGSAAAAASAASAS,22,23,24,25,26,27,28,61,A22 A23 A24 A25 A26 A27 A28 A61 
diff_11.pdb,A,ARASASASAAGASASAAAASLLNDDYTQAASAAAAASASASAAAKAAKESAASAASASAASAHSASGSAAAASAAEA,20,21,22,23,24,25,26,62,A20 A21 A22 A23 A24 A25 A26 A62 
diff_12.pdb,A,ASASAASAAQAAASAAAAAAALLNDDYTSAASAAAAAAAASAAKAAKSSSAAAAAAASAHSASGSAAAAGAAASAAAA,21,22,23,24,25,26,27,59,A21 A22 A23 A24 A25 A26 A27 A59 
diff_13.pdb,A,ESAAGAAESASAAGSAAGGAASLLNDDYTKAASASAAASAASAASGAASSASAAAAAASAHSSAKGSAASAASAGSSS,22,23,24,25,26,27,28,60,A22 A23 A24 A25 A26 A27 A28 A60 
diff_14.pdb,A,AAAASASASAAGASASAAAASLLNDDYTSAASAAAAAAAAAKGAAAKESAAAAAASAAASAHKAAGGSASAASAASASA,21,22,23,24,25,26,27,61,A21 A22 A23 A24 A25 A26 A27 A61 
diff_15.pdb,A,AASASASAASAASGAAAAAAAASLLNDDYTKAASAAAAAAAASAAAGSASSSAASSAAASAHSSSGSAASASAAKAG,23,24,25,26,27,28,29,61,A23 A24 A25 A26 A27 A28 A29 A61 
diff_16.pdb,A,ASASAAAASASGASSEAAAASLLNDDYTKAAAAAAAASAAAAAAASASAAAAASAAASAHKAAASGSAASASSAAAA,21,22,23,24,25,26,27,59,A21 A22 A23 A24 A25 A26 A27 A59 
diff_17.pdb,A,AESAASASASEASASEQAAKSAASLLNDDYTKAASAASAASAAAAAAAASAKASAASAAAASAHSSAAAGSAASAASAAK,24,25,26,27,28,29,30,63,A24 A25 A26 A27 A28 A29 A30 A63 
diff_18.pdb,A,SAAASASASAAESESSAAAAASLLNDDYTKAASAAAAASAAAAAAAQAAASAAASAAASAHKGAAASGSAASASSAAAAE,22,23,24,25,26,27,28,60,A22 A23 A24 A25 A26 A27 A28 A60 
diff_19.pdb,A,ASASSASAASASAAEAQAAAAAASLLNDDYTKAASAAASASSAASASAASAASAAASAAASAHSAGSGSAASAAAAAA,24,25,26,27,28,29,30,62,A24 A25 A26 A27 A28 A29 A30 A62 
diff_2.pdb,A,SSASASASEAESKAAAAAASLLNDDYTKAASAAASASAAASAAASAKSAAAAAAAASAHSAKGSAASASAGGSAA,20,21,22,23,24,25,26,58,A20 A21 A22 A23 A24 A25 A26 A58 
diff_20.pdb,A,ASASAAGASAAKSEASASAAALLNDDYTKAASAASAASSASSAAEASASSAAASAAAASAHKAASGSAAAAASAAA,21,22,23,24,25,26,27,60,A21 A22 A23 A24 A25 A26 A27 A60 
diff_21.pdb,A,AAASASAASQSAKSEAEASAASLLNDDYTKAAAAAAAASAAASAAASAKAAAASSAAAAAAAAAHSSASGSAASASSASS,22,23,24,25,26,27,28,64,A22 A23 A24 A25 A26 A27 A28 A64 
diff_22.pdb,A,GASAGAEAASASASGAGSAAASLLNDDYTKAAAAAASASAAASAAESAASAAAAASAAASAHSQSGSAAAAASSGSASAA,22,23,24,25,26,27,28,61,A22 A23 A24 A25 A26 A27 A28 A61 
diff_23.pdb,A,AAQASAAGAAAASASAAESGAAAASASLLNDDYTKAASAASSAAAASSAAGAQAAGSASAAAASAHSASGSAASAAAAAE,27,28,29,30,31,32,33,65,A27 A28 A29 A30 A31 A32 A33 A65 
diff_24.pdb,A,AKAAASASASSAESEAAAAAASLLNDDYTQAASAAAAASAAASASAGSASSSAASAAAASAHSSASGSAAAASSAAA,22,23,24,25,26,27,28,61,A22 A23 A24 A25 A26 A27 A28 A61 
diff_25.pdb,A,ASASAAAASAAKSQSAAAASLLNDDYTKAAAAAAAAAAAASAAGSSSASSAAAASAAASAHSASAKSGSAASAASAAK,20,21,22,23,24,25,26,60,A20 A21 A22 A23 A24 A25 A26 A60 
diff_26.pdb,A,AAAAASASAASAASGSASASLLNDDYTKAASASASAASAASAASSSAAASAASSAAASAAASAHSAAKGSAASAAAAAAP,20,21,22,23,24,25,26,63,A20 A21 A22 A23 A24 A25 A26 A63 
diff_27.pdb,A,AKEASSAAAASASASEQGAASASLLNDDYTKAASAAASASASASAAGGAAASAAAAAAASAHSASGSASSAASAAESA,23,24,25,26,27,28,29,61,A23 A24 A25 A26 A27 A28 A29 A61 
diff_28.pdb,A,AAAAASAAKSAGAKAGAAAAASLLNDDYTSAAAAAAAAAAAAAASQASASASAASAAAASAHSEGSGSAASAASSSEA,22,23,24,25,26,27,28,61,A22 A23 A24 A25 A26 A27 A28 A61 
diff_29.pdb,A,ASSAASASASAAGAAAAAASLLNDDYTKAAAAAAAAAAAAAAAGSSSSAAASAAAASAHSASGASGSAASAASASAS,20,21,22,23,24,25,26,58,A20 A21 A22 A23 A24 A25 A26 A58 
diff_3.pdb,A,ASASAAKAGASASASEAAAASLLNDDYTKAAAAASAAAAAASASKAASSASAASAAASAHSEASGSAAAAKAGSASAA,21,22,23,24,25,26,27,59,A21 A22 A23 A24 A25 A26 A27 A59 
diff_30.pdb,A,AASASASASAAGAGSAAASASLLNDDYTKAASAAASASAAASAAEASAKASAAAAAAASAHSKSASAGSAASQSSASAAE,21,22,23,24,25,26,27,60,A21 A22 A23 A24 A25 A26 A27 A60 
diff_31.pdb,A,ASAASASAAAASAGAAAAASLLNDDYTSASAAAAAASAAASAGSSAAEAAASAAASAAASAHSASGSASSAASSAAAAS,20,21,22,23,24,25,26,61,A20 A21 A22 A23 A24 A25 A26 A61 
diff_32.pdb,A,AAAASASASASAAGAAAAAASLLNDDYTKAASAAAAAAAAASAAGASASAAAASSSAASAHSEASGSAASASSAKAAK,21,22,23,24,25,26,27,60,A21 A22 A23 A24 A25 A26 A27 A60 
diff_33.pdb,A,ASASASASSAESGAAAAAASLLNDDYTKAAAAAAAASAAASAAGAASSASSAAASAAASAHSSAAAGSAASASASSAS,20,21,22,23,24,25,26,60,A20 A21 A22 A23 A24 A25 A26 A60 
diff_34.pdb,A,AKASASAASASAGAAAASASLLNDDYTKAASASASASAAASAAGASSSSAASAAAAAAASAHSAAAAGSASSAAAAEA,20,21,22,23,24,25,26,61,A20 A21 A22 A23 A24 A25 A26 A61 
diff_35.pdb,A,AQASAAGAASSQAAASAAGGAASLLNDDYTKAAAAAAAASAAASAASPSSASSAAASAAAASAHSASGSAAASAAASAA,23,24,25,26,27,28,29,63,A23 A24 A25 A26 A27 A28 A29 A63 
diff_36.pdb,A,AAAGASSAAGASASASAAAEAAAASLLNDDYTKAASASASASAAASAASGASSAAASAAAASAHSSKGSAASASEAASAS,25,26,27,28,29,30,31,63,A25 A26 A27 A28 A29 A30 A31 A63 
diff_37.pdb,A,SGAAAASASAAESSPAAAASLLNDDYTKAASAASAAASAAESASEAASAAAASAAASAHSAKGSGSAASASSAKQ,20,21,22,23,24,25,26,58,A20 A21 A22 A23 A24 A25 A26 A58 
diff_38.pdb,A,AAGASASASAAASSQAASASASLLNDDYTKAAAAAAAASAAASAAAESASAAASAAAAAAASAHSASGSAASAAAAAA,22,23,24,25,26,27,28,63,A22 A23 A24 A25 A26 A27 A28 A63 
diff_39.pdb,A,AAAAAEAASASAAASSGAAAASLLNDDYTKAASAAAAAAAAASASKAAAASSASSAAASAHSSAAKGSASSAASAAA,22,23,24,25,26,27,28,60,A22 A23 A24 A25 A26 A27 A28 A60 
diff_4.pdb,A,AAAASAAAAAAAASSSGAASLLNDDYTQAASAAAAAASAAASSQSASASAAASAAAAAASAHKAAASGSAASSGASAS,20,21,22,23,24,25,26,61,A20 A21 A22 A23 A24 A25 A26 A61 
diff_40.pdb,A,ASASASAEESAKGAAAAAASLLNDDYTSAASAAASASAAASAAAAAAAKAASAASAAASAHSAKGSGSAASAAAASAA,20,21,22,23,24,25,26,60,A20 A21 A22 A23 A24 A25 A26 A60 
diff_41.pdb,A,ASSASAASASPAESQAAAAAASLLNDDYTKAAAAAAAASAAASSAAAGAAEAAASAAASAAASAHSANGSAAASSAAAA,22,23,24,25,26,27,28,64,67,A22 A23 A24 A25 A26 A27 A28 A64 A67 
diff_42.pdb,A,AAAAAAKAEAASASASAGAAAASLLNDDYTSAAAAAAAAAAAAAAAGASASSSAAAAAAASAHSAAGGSAASAASAAK,23,24,25,26,27,28,29,62,A23 A24 A25 A26 A27 A28 A29 A62 
diff_43.pdb,A,AAAAASASAASASAAAAAASLLNDDYTQAASASAAASASAAASAGSESAASSAASSAASAHSEASGSAAASASASSAAA,20,21,22,23,24,25,26,60,A20 A21 A22 A23 A24 A25 A26 A60 
diff_44.pdb,A,AAAAASASASASAAASGAAAAAALLNDDYTKAAAAAAAASAAASAARASASSAASAAAASAHSSSGSAAAAASAAA,23,24,25,26,27,28,29,61,A23 A24 A25 A26 A27 A28 A29 A61 
diff_45.pdb,A,AAAAAAAAAAASASAAGAAASLLNDDYTKAASAASAASAAAAAASASSASSSAASASAASAHSSKSAGSAASASSAAS,21,22,23,24,25,26,27,61,A21 A22 A23 A24 A25 A26 A27 A61 
diff_46.pdb,A,AGASASASAAGESEAAAAASASLLNDDYTKAASAASAASAAASSAKSSASSAASAAAASAHSSGAAGSAASAAQASA,22,23,24,25,26,27,28,60,A22 A23 A24 A25 A26 A27 A28 A60 
diff_47.pdb,A,SASAASAAAASASASSQAASLLNDDYTKAASAAASASAAASAGAAGAAASASAAASAAASAHSAGGSAAAAAASAK,20,21,22,23,24,25,26,61,A20 A21 A22 A23 A24 A25 A26 A61 
diff_48.pdb,A,AAASAAKSSQAAASAAAGAASGLLNDDYTKAAAAASAAAAAAAAAEAQASASSAAAAAASAHSASGSASASSAAAAAAA,22,23,24,25,26,27,28,61,A22 A23 A24 A25 A26 A27 A28 A61 
diff_49.pdb,A,AKAAGSAAGQASAESKAAAASLLNDDYTKASSAASAAAAAASSAGASSAASSAAAAAAASAHKSGKASGSAAAASEAAS,21,22,23,24,25,26,27,61,A21 A22 A23 A24 A25 A26 A27 A61 
diff_5.pdb,A,ASASASAASASAGAAAASASLLNDDYTKAASAAASASASASAAGASASAASSAAAAAAASAHSSASGSAASASSAEA,20,21,22,23,24,25,26,61,A20 A21 A22 A23 A24 A25 A26 A61 
diff_50.pdb,A,AAASAAAAASASAASASASEAAAASLLNDDYTKAASAAASAAAAAAAAGAAAAAAAAAAAAASAHSASGSAASAASAAEA,25,26,27,28,29,30,31,64,A25 A26 A27 A28 A29 A30 A31 A64 
diff_51.pdb,A,SAAASASASAAASQQAAAASLLNDDYTKAASAAAAASAAASAAAGAEAAAAASAASAAAASAHSSAAAGSASSAAAAAA,20,21,22,23,24,25,26,62,A20 A21 A22 A23 A24 A25 A26 A62 
diff_52.pdb,A,AKSAAAAAAASASAKAGSAAALLNDDYTSAAAAASAAASASAASSASASAAAASAAAASAHSSASGSASSEAAGAAKAS,21,22,23,24,25,26,27,60,A21 A22 A23 A24 A25 A26 A27 A60 
diff_53.pdb,A,AAASAASAKASAAGAAAAASLLNDDYTKAASAAASASAAAAAAAGASSAAASAAAASAHSSASGSAAAASSAASEA,20,21,22,23,24,25,26,58,A20 A21 A22 A23 A24 A25 A26 A58 
diff_54.pdb,A,AAKAQAAAGAAASASGAAASLLNDDYTSAAAAASAASSAAAAAEASASAAAASAAAASAHSESSGSASASAAASGASA,20,21,22,23,24,25,26,59,A20 A21 A22 A23 A24 A25 A26 A59 
diff_55.pdb,A,AAKAAESASAAAKAGAAAAASLLNDDYTKAAAAAAAAAAAASASGAAAAAGAASSAAASAHSSASGSAASQASEAAAE,21,22,23,24,25,26,27,60,A21 A22 A23 A24 A25 A26 A27 A60 
diff_56.pdb,A,AKEAAAAAASASASGGAAAASLLNDDYTKAAAAASAASSASAKSQSVSASASAASSAAASAHSAKGSAASASAAAAAE,21,22,23,24,25,26,27,61,A21 A22 A23 A24 A25 A26 A27 A61 
diff_57.pdb,A,AKAAAASASAEESQAAAAASLLNDDYTKAASAAAAAASAASSASQASASAAAAAAAAASAHSASGSAAAAASAKEE,20,21,22,23,24,25,26,60,A20 A21 A22 A23 A24 A25 A26 A60 
diff_58.pdb,A,AASAAAASASASKAAAASAALLNDDYTKAASAAAAASAAAAAAKASASSSAAASAAASAHSSAKASGSASSSSQAAASAA,20,21,22,23,24,25,26,59,A20 A21 A22 A23 A24 A25 A26 A59 
diff_59.pdb,A,AASAAAAGGAAAASASASAQAAALLNDDYTKAASASAAASAAASAAQAASAAAASAAAASAHSSAASSGSAASAASEAK,23,24,25,26,27,28,29,61,A23 A24 A25 A26 A27 A28 A29 A61 
diff_6.pdb,A,ASASASSASSAAGAAAAAASLLNDDYTKAASAASAAGAASAAASASASAAAASAAASAHSEASGSAASAAAAAESSAS,20,21,22,23,24,25,26,58,A20 A21 A22 A23 A24 A25 A26 A58 
diff_60.pdb,A,SAAAGAAAGAAEAGSAAAASLLNDDYTKAASAAAAAAAASAAAGSSAASAASSAAASAHSEASGSAAAAASAAAA,20,21,22,23,24,25,26,58,A20 A21 A22 A23 A24 A25 A26 A58 
diff_61.pdb,A,AAASAAAASAAGASAGAAAAAASLLNDDYTSAASAAAAASAAASAAQASASASAASSASASAHSAAKGSAASAASAAA,23,24,25,26,27,28,29,62,A23 A24 A25 A26 A27 A28 A29 A62 
diff_62.pdb,A,SAAKGAAAGAAASASAGAASLLNDDYTSAAAAASAASAAASAAGAKSASASAASSAAASAHKSASGSAASEASSSAQ,20,21,22,23,24,25,26,60,A20 A21 A22 A23 A24 A25 A26 A60 
diff_63.pdb,A,ASASAAAAASASASESASGASLLNDDYTKAASAAAAAAAAAAASGGASAAAAAAAAASAHSEASGSASGAASSASAS,21,22,23,24,25,26,27,59,A21 A22 A23 A24 A25 A26 A27 A59 
diff_64.pdb,A,AAAAKAAASASASEAGAAAASLLNDDYTKAAAAAAAAAAAASAASAQAASASSAASAAAASAHSKAGSAASAASAAA,21,22,23,24,25,26,27,62,A21 A22 A23 A24 A25 A26 A27 A62 
diff_65.pdb,A,AAAASASASAAGEAAAAAASLLNDDYTSAAAAAAAASAAASSAASSSAAASAAASAAASAHSAGGSAASSSPASAA,20,21,22,23,24,25,26,60,A20 A21 A22 A23 A24 A25 A26 A60 
diff_66.pdb,A,AAAASASAASAAAAAAAASASLLNDDYTSAAAAAAAAAAASSAARAKAAAASAAAAAAASAHSSSASAGSAASAASAEAG,21,22,23,24,25,26,27,61,A21 A22 A23 A24 A25 A26 A27 A61 
diff_67.pdb,A,AKAAAASASASSSEAESAAASLLNDDYTKAAAAAASASAAAAAAEAQAKSAAASAAASAHKGGRASGSASSAAASAASAS,21,22,23,24,25,26,27,59,A21 A22 A23 A24 A25 A26 A27 A59 
diff_68.pdb,A,AASASASSASSSEEAAAAAASLLNDDYTSAASAAAAASAAASAAAASAKSSSAAAAASAAASAHSEGSGSAASASSAEAA,21,22,23,24,25,26,27,63,A21 A22 A23 A24 A25 A26 A27 A63 
diff_69.pdb,A,AASASAKAAAKSEEASSASAASLLNDDYTSAASAAAAAASAAASAGASAAASAAAAAAASAHSEGSGSASSAAASSAAS,22,23,24,25,26,27,28,61,A22 A23 A24 A25 A26 A27 A28 A61 
diff_7.pdb,A,ARASEAASASAKESGAAAAASLLNDDYTKAAAAASAAAAAASAAAGASAAAASSSAAAAAASAHSASGSAASAASGAAAA,21,22,23,24,25,26,27,63,A21 A22 A23 A24 A25 A26 A27 A63 
diff_70.pdb,A,SGAAASAAGAAGAAAAAAAAASLLNDDYTKAASAAAAAASAASAAGAASASASAASSAAASAHSSSGSAAAASSASAE,22,23,24,25,26,27,28,62,A22 A23 A24 A25 A26 A27 A28 A62 
diff_71.pdb,A,AKSASASAKAASEAGASAAAASLLNDDYTSAAAAAAAAAAAAEASASEAAASALSASAASAHSASSSGSAASAAAASA,22,23,24,25,26,27,28,53,61,A22 A23 A24 A25 A26 A27 A28 A53 A61 
diff_72.pdb,A,AQAAQAASASSAAASQQAAAAASLLNDDYTKAAAAAAAAASASAAASAKASAAASAAASAAASAHSEGSGSAAAAAAAAK,23,24,25,26,27,28,29,64,A23 A24 A25 A26 A27 A28 A29 A64 
diff_73.pdb,A,SQAAAASASASASEAAAAASLLNDDYTSAAAAASAASAAASAAEASAASASAASAAAASAHSSAAAAGSAASASAAAK,20,21,22,23,24,25,26,60,A20 A21 A22 A23 A24 A25 A26 A60 
diff_74.pdb,A,AASASASAAAAEGAAASAAASLLNDDYTKAASAAAAAAAAAAAAESSSAASSAAAAAAASAHSSASGSAASASASEAS,21,22,23,24,25,26,27,61,A21 A22 A23 A24 A25 A26 A27 A61 
diff_75.pdb,A,ASPAASASASESASKSQAAAASLLNDDYTKAAAAAAAAAAAAAAARASASAAAAAAAAASAHSEASGSAAAAASAAEAE,22,23,24,25,26,27,28,61,A22 A23 A24 A25 A26 A27 A28 A61 
diff_76.pdb,A,AAAASESAAAAASAAEAGAAAASLLNDDYTKAASAAASASSASSSASAAKASAAAAAAASAHKAAKSGSASASAAAAAAK,23,24,25,26,27,28,29,61,A23 A24 A25 A26 A27 A28 A29 A61 
diff_77.pdb,A,AAGASASAAASSESAAAAASLLNDDYTQAASAAAAASAAASAAAESASAAAAAAASAAASAHSAASGSAASQAAAAGA,20,21,22,23,24,25,26,61,A20 A21 A22 A23 A24 A25 A26 A61 
diff_78.pdb,A,AAASASAASASAAGEAAAAAAASLLNDDYTSAAAAASAAASAASAAGASSAAGAAAAAASAHSSAAAGSAASAASASAAA,23,24,25,26,27,28,29,61,A23 A24 A25 A26 A27 A28 A29 A61 
diff_79.pdb,A,ASAASASAAASASAAAAAAAASLLNDDYTKAAAAASAAAAAASSAKSAAAASAASAAAASAHSEASGSAASASQASAASQ,22,23,24,25,26,27,28,61,A22 A23 A24 A25 A26 A27 A28 A61 
diff_8.pdb,A,SASSAGASAAGASASASAASASLLNDDYTKAASAASAAASAAAASESASAASAASAAAASAHSEGSGSASSASASAASSA,22,23,24,25,26,27,28,61,A22 A23 A24 A25 A26 A27 A28 A61 
diff_80.pdb,A,AAAAAASASAAAAKGSAGAAASLLNDDYTSAASAAAAAAAAAAAASAAKAAAAASAASASAASAHSQSGSAASAASAAAA,22,23,24,25,26,27,28,64,A22 A23 A24 A25 A26 A27 A28 A64 
diff_81.pdb,A,AAASASASASSAAAAAAAASLLNDDYTKAASAAASASAAASAASAAAAAASAAASAAASAHSASAAGSAAAASASASAE,20,21,22,23,24,25,26,60,A20 A21 A22 A23 A24 A25 A26 A60 
diff_82.pdb,A,AAASASASASSAESEAAASAASLLNDDYTSAAAAAAAAAAAASAAQASAAAQASSAAASAHSGAASAGSAAAAAAAAG,22,23,24,25,26,27,28,60,A22 A23 A24 A25 A26 A27 A28 A60 
diff_83.pdb,A,ASASASSAGEGSAASASASAAAAAASLLNDDYTSAAAAAASASASAGASASAASSSAASAAASAHSSKGSAASAAQAAEK,26,27,28,29,30,31,32,64,A26 A27 A28 A29 A30 A31 A32 A64 
diff_84.pdb,A,AAASAASAARASAAAAEAAAAAASLLNDDYTSAASAAAAAASASAAASAAAASAAASAAASAHSSAAASGSAAAASAAGA,24,25,26,27,28,29,30,62,A24 A25 A26 A27 A28 A29 A30 A62 
diff_85.pdb,A,SASSSKAASASASSQGAAAASLLNDDYTQAASAAAAASAAAASAAGASAAGSAAASAAASAHSEGSGSAASASAASS,21,22,23,24,25,26,27,61,A21 A22 A23 A24 A25 A26 A27 A61 
diff_86.pdb,A,ASQAAAAASASASEGAAAASLLNDDYTSAASAASAASAAAAAASSSSAAAAASASASAAASAHSAAAKGSAASAASKSA,20,21,22,23,24,25,26,62,A20 A21 A22 A23 A24 A25 A26 A62 
diff_87.pdb,A,AAAAAAAASASSAKEASAASLLNDDYTSAAAAAAAAAAAASAAGAAAAKASAASSAAAAAHSAAASAGSAASAASAAS,20,21,22,23,24,25,26,60,A20 A21 A22 A23 A24 A25 A26 A60 
diff_88.pdb,A,AAAASAAAASAAESEAAASAASLLNDDYTKAASAASAASAASSSSASASASAASSAAASAHKSAKASGSAASAAAAAAAE,22,23,24,25,26,27,28,60,A22 A23 A24 A25 A26 A27 A28 A60 
diff_89.pdb,A,AAAKGAAAAKAGAASAAAASLLNDDYTSAAAAAASASSAAGAASASSASSASSAAASAHSSASGSASSAASSAAAAAA,20,21,22,23,24,25,26,58,A20 A21 A22 A23 A24 A25 A26 A58 
diff_9.pdb,A,ASAAASASAAGESSAGSAAAASLLNDDYTKAAAAAASAAAAAAAAQASAAAAAASAAAASAHSSSGSAASSSSASAGS,22,23,24,25,26,27,28,61,A22 A23 A24 A25 A26 A27 A28 A61 
diff_90.pdb,A,AAAASASASAAASSEAASASLLNDDYTKAAAAAAAAASAASSASASAASAASAAAASAHSSAAAGSASSAAEAAAE,20,21,22,23,24,25,26,58,A20 A21 A22 A23 A24 A25 A26 A58 
diff_91.pdb,A,AQAAAASASAKEEAAGAAAASLLNDDYTSAASAAAAASAAAAAASSSAQSAAASSASAAAASAHSAASGSASSAASASAA,21,22,23,24,25,26,27,63,A21 A22 A23 A24 A25 A26 A27 A63 
diff_92.pdb,A,AASASASASAAESGAAAASASLLNDDYTKASSAAAAASAASSASAGASASASASAAASAAASAHSSGAAGSAASASAAEA,21,22,23,24,25,26,27,63,A21 A22 A23 A24 A25 A26 A27 A63 
diff_93.pdb,A,AAAASAASASASAAAGAAAASLLNDDYTKAAAASAAASAAAAAARASESSASAAASAAASAHSSASGSAASAASASAE,21,22,23,24,25,26,27,61,A21 A22 A23 A24 A25 A26 A27 A61 
diff_94.pdb,A,SSASAAAKAASASAKAGAAAASLLNDDYTKAAAAASAASAAAAAGSAAAASAAASAAASAHSAASAGSAASAASASAAAE,22,23,24,25,26,27,28,60,A22 A23 A24 A25 A26 A27 A28 A60 
diff_95.pdb,A,SASEGAASAASASAAAAAASLLNDDYTKAAAAASAAASAAASAAASASAAAASAAAASAHSSSGSASAAASAASESAE,20,21,22,23,24,25,26,59,A20 A21 A22 A23 A24 A25 A26 A59 
diff_96.pdb,A,AAASAAASASSAASSEAAAASLLNDDYTKAASAAAAASSAASAAGSASASASAAASAAASAHKAAGSAASAAASSA,21,22,23,24,25,26,27,61,A21 A22 A23 A24 A25 A26 A27 A61 
diff_97.pdb,A,AKEAAAGASASASAAAGAAAAAASLLNDDYTKAASAAAAAAAAASAAGSSSASSAAASAAAASAHSASGSAASASSSEA,24,25,26,27,28,29,30,64,A24 A25 A26 A27 A28 A29 A30 A64 
diff_98.pdb,A,AAAAAASASAAASAGAAAASLLNDDYTKAASAAAAAASASAAGASASSAAAAAAASAAHSASAGSGSASSAASAEKAE,20,21,22,23,24,25,26,58,A20 A21 A22 A23 A24 A25 A26 A58 
diff_99.pdb,A,ASAAAGAAASASAAESGAAAASLLNDDYTKAAAAAAAAAAAAAAAESSASSAAAASAAASAHSEGSGSAASASSASAA,22,23,24,25,26,27,28,61,A22 A23 A24 A25 A26 A27 A28 A61 
